id,x,y
Bethlehem,35.33649415334059,31.628147703715005
Hebron,35.10257410854424,31.49014392883481
