{"type":"Topology","arcs":[[[1518,974],[117,-49],[27,21],[54,-1],[43,24],[33,-14],[54,21],[93,-4],[55,-33]],[[1994,939],[-46,-41],[-5,-53],[-32,-90],[-30,-41],[13,-65],[-28,-33],[-9,-113],[-62,-50]],[[1795,453],[-78,32],[-14,38],[-86,53],[-40,69],[0,45],[-49,42],[-44,-7],[-8,68],[-165,47]],[[1311,840],[57,37],[67,74],[83,23]],[[328,385],[-72,-69],[-11,-29]],[[245,287],[-36,25],[-83,11]],[[126,323],[124,135]],[[250,458],[52,-13],[26,-60]],[[461,520],[-133,-135]],[[250,458],[120,150]],[[370,608],[91,-88]],[[1795,453],[-199,-166],[-149,-35],[-185,6],[-152,-29],[-64,87],[27,87],[45,57],[27,79],[-4,77],[17,82],[88,109],[65,33]],[[1907,2220],[3,-20],[-145,-73],[-9,-66],[-22,-49]],[[1734,2012],[-57,29],[-20,-26],[-114,28],[-26,-15],[-45,29]],[[1472,2057],[1,34],[-48,39],[-2,109],[-74,63]],[[1349,2302],[131,87],[108,92],[43,-54],[68,-25],[74,17],[95,-33],[29,-79],[-13,-47],[23,-40]],[[2132,1807],[-32,-50],[16,-35],[-42,-68],[19,-50],[-40,-66],[11,-80],[31,-125],[-28,-23],[7,-76],[23,-26],[-8,-117],[15,-84],[-70,11],[-24,-49]],[[2010,969],[-51,82],[-84,-24],[-71,82],[22,37]],[[1826,1146],[45,15],[-10,81],[29,24],[-28,100],[22,54],[27,15],[-4,79]],[[1907,1514],[-65,67],[-9,38],[50,18],[4,108],[77,39]],[[1964,1784],[34,21],[42,-19],[41,28],[51,-7]],[[2010,969],[-16,-30]],[[1518,974],[46,9],[33,43],[-10,55],[-42,17],[-76,3],[-125,62]],[[1344,1163],[49,48],[129,-17],[37,38],[60,8],[65,-13],[48,-27],[33,-50],[61,-4]],[[245,287],[-13,-23],[13,-104],[-11,-30],[-57,-53]],[[177,77],[-27,63],[-27,-4],[-80,99]],[[43,235],[83,88]],[[1734,2012],[15,-38],[51,10],[55,-58],[32,-8],[31,-45],[59,-47],[-13,-42]],[[1907,1514],[-91,20],[-44,-7],[-107,41],[-122,1]],[[1543,1569],[64,56],[32,60],[-116,0],[-47,38],[28,54]],[[1504,1777],[26,81],[-41,68]],[[1489,1926],[10,41],[-46,65],[19,25]],[[370,608],[64,88],[117,-97],[-32,-54],[-58,-25]],[[1504,1777],[-98,-32],[-46,36],[-11,-47],[-64,-44],[-15,-32],[-47,-6]],[[1223,1652],[-5,65],[-49,63],[5,43],[71,51]],[[1245,1874],[104,-47],[77,70],[63,29]],[[177,77],[-100,-77],[-43,141],[-34,52],[43,42]],[[1344,1163],[-69,-50],[-72,-3],[-29,24],[-5,61],[107,14],[-5,81],[-46,39],[-1,73],[17,89],[-15,80]],[[1226,1571],[93,-28],[82,19],[22,18],[120,-11]],[[1226,1571],[-3,81]],[[1907,2220],[83,-3],[132,-48],[-15,-117],[21,-68],[-14,-24],[18,-51],[0,-102]],[[1245,1874],[37,73],[-35,29],[12,107],[56,53],[-18,25],[52,141]]],"transform":{"scale":[0.0006334193231707309,0.0005370505509874951],"translate":[34.21877333400005,31.219972015000053]},"objects":{"pse_admbnda_adm2_pamop_20210806":{"type":"GeometryCollection","geometries":[{"arcs":[[0,1,2,3]],"type":"Polygon","properties":{"Shape_Leng":1.52428293596,"Shape_Area":0.0626377059258,"ADM2_EN":"Bethlehem","ADM2_PCODE":"PS0145","ADM2_REF":"","ADM2ALT1EN":"","ADM2ALT2EN":"","ADM1_EN":"West Bank","ADM1_PCODE":"PS01","ADM0_EN":"State of Palestine (the)","ADM0_PCODE":"PS","date":"2021-03-18T00:00:00.000Z","validOn":"2021-08-06T00:00:00.000Z","validTo":"1899-11-30T00:00:00.000Z"}},{"arcs":[[4,5,6,7]],"type":"Polygon","properties":{"Shape_Leng":0.358069971679,"Shape_Area":0.00553815439813,"ADM2_EN":"Deir Al-Balah","ADM2_PCODE":"PS0265","ADM2_REF":"","ADM2ALT1EN":"","ADM2ALT2EN":"","ADM1_EN":"Gaza Strip","ADM1_PCODE":"PS02","ADM0_EN":"State of Palestine (the)","ADM0_PCODE":"PS","date":"2021-03-18T00:00:00.000Z","validOn":"2021-08-06T00:00:00.000Z","validTo":"1899-11-30T00:00:00.000Z"}},{"arcs":[[8,-8,9,10]],"type":"Polygon","properties":{"Shape_Leng":0.457402187318,"Shape_Area":0.00701072480502,"ADM2_EN":"Gaza","ADM2_PCODE":"PS0260","ADM2_REF":"","ADM2ALT1EN":"","ADM2ALT2EN":"","ADM1_EN":"Gaza Strip","ADM1_PCODE":"PS02","ADM0_EN":"State of Palestine (the)","ADM0_PCODE":"PS","date":"2021-03-18T00:00:00.000Z","validOn":"2021-08-06T00:00:00.000Z","validTo":"1899-11-30T00:00:00.000Z"}},{"arcs":[[11,-3]],"type":"Polygon","properties":{"Shape_Leng":1.46321559207,"Shape_Area":0.0946022379912,"ADM2_EN":"Hebron","ADM2_PCODE":"PS0150","ADM2_REF":"","ADM2ALT1EN":"","ADM2ALT2EN":"","ADM1_EN":"West Bank","ADM1_PCODE":"PS01","ADM0_EN":"State of Palestine (the)","ADM0_PCODE":"PS","date":"2021-03-18T00:00:00.000Z","validOn":"2021-08-06T00:00:00.000Z","validTo":"1899-11-30T00:00:00.000Z"}},{"arcs":[[12,13,14,15]],"type":"Polygon","properties":{"Shape_Leng":1.46173664963,"Shape_Area":0.0558950433391,"ADM2_EN":"Jenin","ADM2_PCODE":"PS0101","ADM2_REF":"","ADM2ALT1EN":"","ADM2ALT2EN":"","ADM1_EN":"West Bank","ADM1_PCODE":"PS01","ADM0_EN":"State of Palestine (the)","ADM0_PCODE":"PS","date":"2021-03-18T00:00:00.000Z","validOn":"2021-08-06T00:00:00.000Z","validTo":"1899-11-30T00:00:00.000Z"}},{"arcs":[[16,17,18,19,20]],"type":"Polygon","properties":{"Shape_Leng":2.18415165827,"Shape_Area":0.0565554633473,"ADM2_EN":"Jericho","ADM2_PCODE":"PS0135","ADM2_REF":"","ADM2ALT1EN":"","ADM2ALT2EN":"","ADM1_EN":"West Bank","ADM1_PCODE":"PS01","ADM0_EN":"State of Palestine (the)","ADM0_PCODE":"PS","date":"2021-03-18T00:00:00.000Z","validOn":"2021-08-06T00:00:00.000Z","validTo":"1899-11-30T00:00:00.000Z"}},{"arcs":[[-18,21,-1,22,23]],"type":"Polygon","properties":{"Shape_Leng":1.48523178469,"Shape_Area":0.0328132581739,"ADM2_EN":"Jerusalem","ADM2_PCODE":"PS0140","ADM2_REF":"","ADM2ALT1EN":"","ADM2ALT2EN":"","ADM1_EN":"West Bank","ADM1_PCODE":"PS01","ADM0_EN":"State of Palestine (the)","ADM0_PCODE":"PS","date":"2021-03-18T00:00:00.000Z","validOn":"2021-08-06T00:00:00.000Z","validTo":"1899-11-30T00:00:00.000Z"}},{"arcs":[[24,25,26,-6]],"type":"Polygon","properties":{"Shape_Leng":0.426552462663,"Shape_Area":0.0101989280015,"ADM2_EN":"Khan Younis","ADM2_PCODE":"PS0270","ADM2_REF":"","ADM2ALT1EN":"","ADM2ALT2EN":"","ADM1_EN":"Gaza Strip","ADM1_PCODE":"PS02","ADM0_EN":"State of Palestine (the)","ADM0_PCODE":"PS","date":"2021-03-18T00:00:00.000Z","validOn":"2021-08-06T00:00:00.000Z","validTo":"1899-11-30T00:00:00.000Z"}},{"arcs":[[27,-20,28,29,30,31,-14]],"type":"Polygon","properties":{"Shape_Leng":2.02406508065,"Shape_Area":0.0578531015461,"ADM2_EN":"Nablus","ADM2_PCODE":"PS0115","ADM2_REF":"","ADM2ALT1EN":"","ADM2ALT2EN":"","ADM1_EN":"West Bank","ADM1_PCODE":"PS01","ADM0_EN":"State of Palestine (the)","ADM0_PCODE":"PS","date":"2021-03-18T00:00:00.000Z","validOn":"2021-08-06T00:00:00.000Z","validTo":"1899-11-30T00:00:00.000Z"}},{"arcs":[[-11,32]],"type":"Polygon","properties":{"Shape_Leng":0.355431437037,"Shape_Area":0.00580740287093,"ADM2_EN":"North Gaza","ADM2_PCODE":"PS0255","ADM2_REF":"","ADM2ALT1EN":"","ADM2ALT2EN":"","ADM1_EN":"Gaza Strip","ADM1_PCODE":"PS02","ADM0_EN":"State of Palestine (the)","ADM0_PCODE":"PS","date":"2021-03-18T00:00:00.000Z","validOn":"2021-08-06T00:00:00.000Z","validTo":"1899-11-30T00:00:00.000Z"}},{"arcs":[[33,34,35,-31]],"type":"Polygon","properties":{"Shape_Leng":0.972596470783,"Shape_Area":0.0159097363059,"ADM2_EN":"Qalqilya","ADM2_PCODE":"PS0120","ADM2_REF":"","ADM2ALT1EN":"","ADM2ALT2EN":"","ADM1_EN":"West Bank","ADM1_PCODE":"PS01","ADM0_EN":"State of Palestine (the)","ADM0_PCODE":"PS","date":"2021-03-18T00:00:00.000Z","validOn":"2021-08-06T00:00:00.000Z","validTo":"1899-11-30T00:00:00.000Z"}},{"arcs":[[36,-26]],"type":"Polygon","properties":{"Shape_Leng":0.360540317375,"Shape_Area":0.0060628088156,"ADM2_EN":"Rafah","ADM2_PCODE":"PS0275","ADM2_REF":"","ADM2ALT1EN":"","ADM2ALT2EN":"","ADM1_EN":"Gaza Strip","ADM1_PCODE":"PS02","ADM0_EN":"State of Palestine (the)","ADM0_PCODE":"PS","date":"2021-03-18T00:00:00.000Z","validOn":"2021-08-06T00:00:00.000Z","validTo":"1899-11-30T00:00:00.000Z"}},{"arcs":[[-29,-19,-24,37,38]],"type":"Polygon","properties":{"Shape_Leng":2.02012542851,"Shape_Area":0.0816140170073,"ADM2_EN":"Ramallah","ADM2_PCODE":"PS0130","ADM2_REF":"","ADM2ALT1EN":"","ADM2ALT2EN":"","ADM1_EN":"West Bank","ADM1_PCODE":"PS01","ADM0_EN":"State of Palestine (the)","ADM0_PCODE":"PS","date":"2021-03-18T00:00:00.000Z","validOn":"2021-08-06T00:00:00.000Z","validTo":"1899-11-30T00:00:00.000Z"}},{"arcs":[[-30,-39,39,-34]],"type":"Polygon","properties":{"Shape_Leng":1.07561007075,"Shape_Area":0.0194625533821,